<?xml version="1.0" encoding="UTF-8"?>
<project-private xmlns="http://www.netbeans.org/ns/project-private/1">
    <editor-bookmarks xmlns="http://www.netbeans.org/ns/editor-bookmarks/2" lastBookmarkId="0"/>
    <open-files xmlns="http://www.netbeans.org/ns/projectui-open-files/2">
        <group>
            <file>file:/C:/Users/Comp/Documents/2022%20Uni%20Work/App%20dev%20practise/T4%20Assignment/Practise/SimpleServer/SimpleServer/src/bookDAO_Implementation.java</file>
            <file>file:/C:/Users/Comp/Documents/2022%20Uni%20Work/App%20dev%20practise/T4%20Assignment/Practise/SimpleServer/SimpleServer/src/DBclass.java</file>
        </group>
    </open-files>
</project-private>
